Symbol,Headline,HeadlineTime,HeadlineSource,HeadlineLink,Headlines,HeadlineSources,HeadlineLinks,Event,EventDate,CorporateAction,CorporateActionDate,Dividend,DividendDate,Split,SplitDate
NIFTY,"Bank Nifty nears 61,000 as SBI shares rally 7% after strong Q3 results: Check key levels - TradingView","Mon, 09 Feb 2026 09:24:37 GMT",GoogleNews,https://news.google.com/rss/articles/CBMi4wFBVV95cUxOT011dm40Y2l0ZjVWb0RITERYS2p6SFZta25mUkhXbVo3MVpNaGdHSlc4ZFpUWWJjTWZGR0lWdlY4NlZnbVgycVRUN2V2YTRWU0hiTTlaRUNaWkJLZGo1aHZCNVZkLUl3Zm9lTi1RbGdVaFlwNEVNbVJjQmEwdnN1NE1JbFVhZ0ZzaFF2MjQwZVdjZFFYeUpfS2F0VkZTN3VFbmtMUjQ3Sm9iRDFkOVl2enMyVHlJakh4Z0dUbkFxakt2ZFF1SGNjM05VMHNORGxOWExCWnNaWGhaTjZmUktndFc2dw?oc=5,"Bank Nifty nears 61,000 as SBI shares rally 7% after strong Q3 results: Check key levels - TradingView | Indian Stock Market Gains as Nifty 50 Rises 0.6%; Kalyan Jewellers Surges 13% After Q3 Results - Dalal Street Investment Journal | Ahead of Market: 10 things that will decide stock market action on Thursday | Market Highlights: Sensex ends marginally lower, Nifty holds 25,900; TCS drops 3%, SBI rises 3% - The Economic Times | Market Trading Guide: Craftsman Automation and Laurus Labs offer up to 12% upside",GoogleNews | GoogleNews | EconomicTimes | GoogleNews | EconomicTimes,https://news.google.com/rss/articles/CBMi4wFBVV95cUxOT011dm40Y2l0ZjVWb0RITERYS2p6SFZta25mUkhXbVo3MVpNaGdHSlc4ZFpUWWJjTWZGR0lWdlY4NlZnbVgycVRUN2V2YTRWU0hiTTlaRUNaWkJLZGo1aHZCNVZkLUl3Zm9lTi1RbGdVaFlwNEVNbVJjQmEwdnN1NE1JbFVhZ0ZzaFF2MjQwZVdjZFFYeUpfS2F0VkZTN3VFbmtMUjQ3Sm9iRDFkOVl2enMyVHlJakh4Z0dUbkFxakt2ZFF1SGNjM05VMHNORGxOWExCWnNaWGhaTjZmUktndFc2dw?oc=5 | https://news.google.com/rss/articles/CBMi3gFBVV95cUxOZnl6ZjlIb1l6dlRYS2VQUmF3SmZSYXVCRWFCR2ZjQ21xaUhzYWd3YTRVbDhndHIzX0VDMDlidW5udEFQMUNQV0lGMEJDZnhRa1htSHJWd2xqdkVvbjJoZVpzck1TS1Zzb1VPaHBUUnA2Z1R1NGNnb3JJVHJyUGJzWHQzd3Z4cUJLb0JacmRuUUE2cU1vRm9vWGtVZ0NpdmRaS2I2bzRNODlSMzA2Z1VkaGJ6bENCUTFFWGVTa2dOVkpVREF3TW1zVzRuQXgyNEFWN2dhUXYzQ0s1Z2JDekE?oc=5 | https://economictimes.indiatimes.com/markets/stocks/news/ahead-of-market-10-things-that-will-decide-stock-market-action-on-thursday/articleshow/128214605.cms | https://news.google.com/rss/articles/CBMi2AFBVV95cUxOeFlxUW1BM3dhdmJWdS01MlhzZGlSb0M4b1BKcFV6dW54REp6RjZNazZwaE9Lcy1HQjh6aHRIajVRUS1ZNDVub1FTaU50VzVwOGQtQ2xqUzVQZjd1QVdmY0xNMFVjRklIQThYTldoblBCSi1TcDZyZXFIZzNaMXZfSk56cFA4ZjhUUGYxX29BQ3ZselNzLS1OUDN5cmN5TktQOUprTm9fekZ1UVFMcGx3bjdCLUNvaGE1SG1ibElnY0hTdEZkamh2VlJRRmQ0amJxZ1l0V3V2ckvSAd4BQVVfeXFMT2UzaFViOFF2S0xPTDVCT2JmcUtNT1FhdTVyZGZocGF4RUt0Z01XanVoeGR4aEFmSEVHT1lGaEZydWpHNWZVanRnbmlRaEVkM0RmY0g4UjM1Wm03SDRfUmFTZ3Zydy04WlRhVUtFLWpKbUZ0T0hDMlBUOVl4WmRvbGtXS1kweUU5WndFVlNOUUJucGk4aXVSRVJkdkYzd09HZUYwV0pVckg0S1p0V2htWmRGRWttNjM0TnU3bmtVR2VaanU4MmpTbUp4MmtfczdfTHdxeHc2Z2R0bTljcV9B?oc=5 | https://economictimes.indiatimes.com/markets/stocks/news/market-trading-guide-craftsman-automation-and-laurus-labs-offer-up-to-12-upside/articleshow/128212324.cms,Event,"Mon, 09 Feb 2026 09:24:37 GMT",,,,,,
BANKNIFTY,"Bank Nifty nears 61,000 as SBI shares rally 7% after strong Q3 results: Check key levels - TradingView","Mon, 09 Feb 2026 09:24:37 GMT",GoogleNews,https://news.google.com/rss/articles/CBMi4wFBVV95cUxOT011dm40Y2l0ZjVWb0RITERYS2p6SFZta25mUkhXbVo3MVpNaGdHSlc4ZFpUWWJjTWZGR0lWdlY4NlZnbVgycVRUN2V2YTRWU0hiTTlaRUNaWkJLZGo1aHZCNVZkLUl3Zm9lTi1RbGdVaFlwNEVNbVJjQmEwdnN1NE1JbFVhZ0ZzaFF2MjQwZVdjZFFYeUpfS2F0VkZTN3VFbmtMUjQ3Sm9iRDFkOVl2enMyVHlJakh4Z0dUbkFxakt2ZFF1SGNjM05VMHNORGxOWExCWnNaWGhaTjZmUktndFc2dw?oc=5,"Bank Nifty nears 61,000 as SBI shares rally 7% after strong Q3 results: Check key levels - TradingView",GoogleNews,https://news.google.com/rss/articles/CBMi4wFBVV95cUxOT011dm40Y2l0ZjVWb0RITERYS2p6SFZta25mUkhXbVo3MVpNaGdHSlc4ZFpUWWJjTWZGR0lWdlY4NlZnbVgycVRUN2V2YTRWU0hiTTlaRUNaWkJLZGo1aHZCNVZkLUl3Zm9lTi1RbGdVaFlwNEVNbVJjQmEwdnN1NE1JbFVhZ0ZzaFF2MjQwZVdjZFFYeUpfS2F0VkZTN3VFbmtMUjQ3Sm9iRDFkOVl2enMyVHlJakh4Z0dUbkFxakt2ZFF1SGNjM05VMHNORGxOWExCWnNaWGhaTjZmUktndFc2dw?oc=5,Event,"Mon, 09 Feb 2026 09:24:37 GMT",,,,,,
SBIN,SBI overtakes TCS to become India's fourth largest company as Q3 rally triggers market cap leap,"Wed, 11 Feb 2026 17:54:01 +0530",EconomicTimes,https://economictimes.indiatimes.com/markets/stocks/news/sbi-overtakes-tcs-to-become-indias-fourth-largest-company-as-q3-rally-triggers-market-cap-leap/articleshow/128207023.cms,"SBI overtakes TCS to become India's fourth largest company as Q3 rally triggers market cap leap | Narrow market sees select stocks shine as broader earnings remain muted: Rohit Srivastava | Top gainers and losers on February 9: State Bank of India climbs 7.6%, Shriram Finance, Grasim jump over 3%; check full list - Upstox | SBI share price target: State Bank of India stock up 6% after record Q3 profit - 5 reasons to buy - Check brokerage review - MSN | SBI share price hits record after Q3 profit print — what to watch next for State Bank of India stock - TechStock²",EconomicTimes | EconomicTimes | GoogleNews | GoogleNews | GoogleNews,https://economictimes.indiatimes.com/markets/stocks/news/sbi-overtakes-tcs-to-become-indias-fourth-largest-company-as-q3-rally-triggers-market-cap-leap/articleshow/128207023.cms | https://economictimes.indiatimes.com/markets/expert-view/narrow-market-sees-select-stocks-shine-as-broader-earnings-remain-muted-rohit-srivastava/articleshow/128198280.cms | https://news.google.com/rss/articles/CBMiiAJBVV95cUxObWczRDZGQklPQWhBN3JEZnRKZ0l6N3c0dUJxeWgtZ1RPSHhEMGlSdkFPRVJfLWZuaHBVaHlmeGMzOGVvTkI5bHNkSi1lMERTZEE4LUF4emRKM2pTalpJVkRyNGNTZk5KdE5ZQ0E1T0laV3VKRXpJNDJ5MU5GT3l6Z1JRYnNqZlItMm5wU0F0NDN5THhBZDA3bHJkYXB4Nm8yemlsdVltdHNzSGdDSFpWdjkyRFVFeE9DTVRmMHVJc05BdHJvcng0UzVuQUQ4eGZaXzJJZmpHMVRSZHZDU3hUelFlS2syaVdBMjJMZDRqbFAxUHVCNXZTcUxLSGFKUnNHdlMwc1l6VUw?oc=5 | https://news.google.com/rss/articles/CBMi_AFBVV95cUxOWEVpMXE4YzBuWXJQTnJzTEhiRTZMYlhsTjBTamFqN00tVTBFM0xqR2Jncmt3UHk5cUd1aktlMzE0aWd6VWk5QW92NG15dDVoTm9zVVFiNkhsZHI5cjNVbXNZWURxWnBkdTFRZGdsODh6SEJiaDdzaVhMUlFtNnlEeFlBVndtaXhxX3htUThzS1JvMHh2LVNLVi1ndFdsSE40NVVLdGhPM0VDdC15eUtfS3cxc1dtQkF0NVNWZXdkbnlkaFJ0Mzk2TUpEbzd3c3U5NjdReVJCc1BmRmNXOGptOHN0aV81WksyMUVwajR4RG93TTJ2YmpNVnM3THY?oc=5 | https://news.google.com/rss/articles/CBMiuwFBVV95cUxNNzRHRzRNQnVIOURsY2pvekQ1VDJOZjRFdDZPTXpPR2RVQm5pOHA1R1hDVDc0ay04dDZvb3VMVDRGU01MN1UtcUFIUHIyY2FibWxnWEVpd1ZXTlVhY3diQmMtUlZsU0tDZFUxOXl1alpiNFFmMGZMdTk1VGNGOVJvZThuMk9leHVndldQYzlLSjgySXJnOXV2cGNIbnNVVGRJSFBsYzg4dUsxNlFjekxBT1ZvUUoxVWFHS2Vr?oc=5,Event,"Wed, 11 Feb 2026 17:54:01 +0530",,,,,,
M&M,"Q3 results 2026: M&M, Lenskart Solutions, Ashok Leyland among 290 companies to declare earnings today; full list here - Mint","Wed, 11 Feb 2026 03:00:59 GMT",GoogleNews,https://news.google.com/rss/articles/CBMijwJBVV95cUxQUlJBNElWWFdMU0VqY0tLel9rM1RMNTBSaENrUWtrUVQyRTQ3ZlJOU0psNFlLSlFzNHE4eEZNSHNpTVZEeWJEREdCd0NpT3h3QnpSZmJFZmZFQmFpRlp0c2QyaFg2QTJ2Y1ZRMkprekh0SWpCYlZTVEg5QTNjbG03LWRvdm5FVTI4Wmd3Y2IwTW1tRUxoMkV1NzBXc09GNGhlWjRKS1lIdlhkbjlnRDdmci1jU29JNkRIVXlXM29rb1BScGs5NWlZOWRuY1BLektSdVhHMGlCcnBKMkI2S05xSjBjbF9EbnVuQ2xzbHVnc1NDSjdiSFVhY1FwSTE4UXhldTRhR3VHNHdOQ25qZk9Z0gGUAkFVX3lxTE9ULTg4dWZta1JfOUREaHRNQ0NnSWxhbV9rMjJuTXN4b0tnaHZBb28yWjhzdFQxZXo0ejVVdFNpcWlfTDVPc2t6REp3S2RfTEJCNkc0TXZpREZYeGtncWNCYXR1UTlvZ3R0RzdiVXZSQ1pidWh6NnRCZlJ5bmFwZGh4VlROc0FLcGtLZzNQa1FWSHU1NFZfWjZ1TVRLN0Q4c3drTmJNWUpFaDRNWlkxTkVuN08xbDFZSk82RHd5ZmxxSXlMYXVQeVd2SnBneE1JRERXd05CWWY2QzlOQzJOX0lxdlJOWXhSczdNT2stQ3BNMWpRWnNhMkxFQkFhQ0c5TDlUaGJTb2RsbVRFS255NDFwQm5HTA?oc=5,"Q3 results 2026: M&M, Lenskart Solutions, Ashok Leyland among 290 companies to declare earnings today; full list here - Mint | Q3 results 2026: BSE, Titan, M&M, HUL, ONGC among 1600 companies to declare earnings next week; check full list here - Mint | Q3 Results 11th Feb Highlights: Ashok Leyland, M&M, SJVN, Lenskart Q3 profit rise, Divi’s Lab Q3 profit flat, LG Electronics, Godrej, Patanjali Foods, AstraZeneca to announce Q3 results - BusinessLine | Q3 Results 11th Feb Highlights: Ashok Leyland, M&M, SJVN, Lenskart Q3 profit rise, Divi’s Lab Q3 profit flat, LG Electronics, Godrej, Patanjali Foods, AstraZeneca to announce Q3 results - BusinessLine | M&M Q3 Results 2026 Highlights: Net profit jumps 33% to ₹3,931 crore; revenue grows 26% YoY to ₹38,517 crore - Mint",GoogleNews | GoogleNews | GoogleNews | GoogleNews | GoogleNews,https://news.google.com/rss/articles/CBMijwJBVV95cUxQUlJBNElWWFdMU0VqY0tLel9rM1RMNTBSaENrUWtrUVQyRTQ3ZlJOU0psNFlLSlFzNHE4eEZNSHNpTVZEeWJEREdCd0NpT3h3QnpSZmJFZmZFQmFpRlp0c2QyaFg2QTJ2Y1ZRMkprekh0SWpCYlZTVEg5QTNjbG03LWRvdm5FVTI4Wmd3Y2IwTW1tRUxoMkV1NzBXc09GNGhlWjRKS1lIdlhkbjlnRDdmci1jU29JNkRIVXlXM29rb1BScGs5NWlZOWRuY1BLektSdVhHMGlCcnBKMkI2S05xSjBjbF9EbnVuQ2xzbHVnc1NDSjdiSFVhY1FwSTE4UXhldTRhR3VHNHdOQ25qZk9Z0gGUAkFVX3lxTE9ULTg4dWZta1JfOUREaHRNQ0NnSWxhbV9rMjJuTXN4b0tnaHZBb28yWjhzdFQxZXo0ejVVdFNpcWlfTDVPc2t6REp3S2RfTEJCNkc0TXZpREZYeGtncWNCYXR1UTlvZ3R0RzdiVXZSQ1pidWh6NnRCZlJ5bmFwZGh4VlROc0FLcGtLZzNQa1FWSHU1NFZfWjZ1TVRLN0Q4c3drTmJNWUpFaDRNWlkxTkVuN08xbDFZSk82RHd5ZmxxSXlMYXVQeVd2SnBneE1JRERXd05CWWY2QzlOQzJOX0lxdlJOWXhSczdNT2stQ3BNMWpRWnNhMkxFQkFhQ0c5TDlUaGJTb2RsbVRFS255NDFwQm5HTA?oc=5 | https://news.google.com/rss/articles/CBMijAJBVV95cUxQVzY1YXJlazNsSVBDMnJ3dG5DX3U5S0ZEZGNBN3NwMVpTaXVYWTB3TjRrNnNKRDV0V2Z5VXJ3TDdpcUZ6Sk1sRjhSckphRkE4NHpSOWxTNGJWSXZaWFBpRUZMVUtLNWJ6WTZNU09mNkZxLUdKVVZyS1BqZTZQOVc3c0ozMkxkNlB6dUIzcUE0c2ZtMGRaTHNyY2RtQk9NQUJ6eVpuOGU1LWFyUnU0Q2FVcTczekU5Ym1VVHVud1Z3YnQwMDZhajBvVW5Qazl3b3U2SDR2UTA2REFOY1E2a3FBOGRFX0lMTGdIbjRYNVNSQVNDbmwyQlIxZ251TEw1SExMdnIzU1ozenJIX0Fa0gGSAkFVX3lxTFB3amdhYkl3QjB5NjZWMjJkUElQTlA5N0ZDQWZuWmE2Q0QzeGtza1dqOG9CNktFcUFtWndVV3BRQmpYNG9WeWlUb3I3elJTcVByTW4xSi1vUG01TGw1aXcybTd6TXk2Uk9FOXBGV3hnaXQyM0gwYWNQR0k0UGlhTFhPcEoxR09wSjRYVkpZUUIyemp6X0Y5NlhaZkdpLUo3WGJwRlpyZFFrOHFLbXhJV0RLdXlmZ0tpY3hzTmRPbHVCdS1KaWQ4UnlmdTFQOE5MaFVWYm1ON2pDb0RzREs0RTl0N01jZmFKZFctWW1xUC1wQTBKZDdCbTF4RHNTZFZLLXZiRnU5bjhLTFdEOHF6UUxvd0E?oc=5 | https://news.google.com/rss/articles/CBMi8wJBVV95cUxPVEZEQXZPY1haZF9nM1lNUTFFdXl2Zy1TQjVQY1FOLTFtcVFGUXhNQ2s1NGhVZTRiNWgwUFkxbmtSNFFaNzZwZFVRRGQ2dkd2Z24zRTlwZVd6MmlEdFl5eUJESkUyX3RWU3JvWGc1LTVFbFJPYTRPMk82TTYwZ1ZWdnFLZUJpNWR4cmpwbDJRSHhkc3d4OWFHY0VGcE5ELVVqRllrS1ItTzVqNmljZ0NvQ01tN1FaMDN5aFJtRFRUa1c0LVNTU1RCU0xybHFseFhvVW9YcllwWEozSDhUb2ptc3hTRXJiWkRlZlZtZk5yRkpWN0t2a3ljanpDdy12ek92aF85TGFMZWQtZzlvZ0M4SmxTcVFxSFgyU1hMWjFxYW1VUkY2N3RReHVRQkRrV1VxYTVMUDl6QnBOZ2IxTzFYMXpQbnVfd1dmZS1aNThqbTVwMGRmU1g2WmdEMjdTVFNlV1p2TnhrdmNkZmM2WWxBcTYzONIB-gJBVV95cUxOd0V0ZS1nWVVWa0xRT0pSTk1aS1g1VHhMWkdNNE44ZVg2dW5WVjlRLVZnUnQ5UlhtaXItY2VQQXBQdkZDc0t0Q0sxRm1sRjV1MEs3ZjZXRDVqQU54RENIaUxZNTZYeTBGRGFuMHVaNGVMOEkzaGZXN1JVQ3FJdDFXWnRzSDdnTkx4aFRQTWdwY0c4RVExUTVvbVVUOTA4MGQ0bG1QQVo4aUN3ZUlCVVhxaUtHZDJGdW5rXzF1WmhUS3R4OEc4d01Bb2thSHBWQVNURUNCVVFuWXVhcUhCbnZCSXE5ekJPME5iaUZoRWt6ZDNodi01UTVGbmNVeFhiVkg3QTFFVWhNaVJfeE1LS1ZILUdwWGVtdWEtc0ZTenh0TEJQVmViUktuckNiYlJXYnptY0oxcEM1RlNOeTA2M3FDNFdVNmw1em5LeDMyaURRVmxqdFZvbFpvbXM1ck9SRjc5NV9MelVpSnd1dkZHOGRFSjFvMHhfMFBPRUE?oc=5 | https://news.google.com/rss/articles/CBMi8wJBVV95cUxPVEZEQXZPY1haZF9nM1lNUTFFdXl2Zy1TQjVQY1FOLTFtcVFGUXhNQ2s1NGhVZTRiNWgwUFkxbmtSNFFaNzZwZFVRRGQ2dkd2Z24zRTlwZVd6MmlEdFl5eUJESkUyX3RWU3JvWGc1LTVFbFJPYTRPMk82TTYwZ1ZWdnFLZUJpNWR4cmpwbDJRSHhkc3d4OWFHY0VGcE5ELVVqRllrS1ItTzVqNmljZ0NvQ01tN1FaMDN5aFJtRFRUa1c0LVNTU1RCU0xybHFseFhvVW9YcllwWEozSDhUb2ptc3hTRXJiWkRlZlZtZk5yRkpWN0t2a3ljanpDdy12ek92aF85TGFMZWQtZzlvZ0M4SmxTcVFxSFgyU1hMWjFxYW1VUkY2N3RReHVRQkRrV1VxYTVMUDl6QnBOZ2IxTzFYMXpQbnVfd1dmZS1aNThqbTVwMGRmU1g2WmdEMjdTVFNlV1p2TnhrdmNkZmM2WWxBcTYzONIB-gJBVV95cUxOd0V0ZS1nWVVWa0xRT0pSTk1aS1g1VHhMWkdNNE44ZVg2dW5WVjlRLVZnUnQ5UlhtaXItY2VQQXBQdkZDc0t0Q0sxRm1sRjV1MEs3ZjZXRDVqQU54RENIaUxZNTZYeTBGRGFuMHVaNGVMOEkzaGZXN1JVQ3FJdDFXWnRzSDdnTkx4aFRQTWdwY0c4RVExUTVvbVVUOTA4MGQ0bG1QQVo4aUN3ZUlCVVhxaUtHZDJGdW5rXzF1WmhUS3R4OEc4d01Bb2thSHBWQVNURUNCVVFuWXVhcUhCbnZCSXE5ekJPME5iaUZoRWt6ZDNodi01UTVGbmNVeFhiVkg3QTFFVWhNaVJfeE1LS1ZILUdwWGVtdWEtc0ZTenh0TEJQVmViUktuckNiYlJXYnptY0oxcEM1RlNOeTA2M3FDNFdVNmw1em5LeDMyaURRVmxqdFZvbFpvbXM1ck9SRjc5NV9MelVpSnd1dkZHOGRFSjFvMHhfMFBPRUE?oc=5 | https://news.google.com/rss/articles/CBMiiAJBVV95cUxPbmY3V2xxVEZXSzR6Mlc2VkFJN1dJX2xzOTA2VjlONGZEUENya0Itd1RmLVUtUlkwTTFTNS1pcjRUdEJqOW55MnZvQ1lJbE5ENWVMTFByUlhSc1NSNGdxaDFYNWFOTzVWam1fLVVZVEFYeFBSUHdCU0RiTmp1eXJiR1VWTnRIMWU1Zk5qZ0NUOGpybS1kYmlnaWRnXzlXWkVsLUtJV05qS05kX3RKcHFxRUNNemNNS2t0eDVaNjVFMGNoWDlmcnlYUHVjYUFxeENobFNneGR6WG5tOEtDSUZ1c1RNWlVKYjBrdXkxS2NtVFB1RVM0WWRBeGxVNTliTkw4YWcwcXZtbkvSAY4CQVVfeXFMTnpIVHNOdjd5dmxrT2IwaHJEYVJ0bG1PaXUya2hqWE9ob29OamZDQk5XZHpfMzRTcU13aVk2TE8ydGdOelJqd01OdFFLUmVPUE1EdW5BNm8zWDAwanBVVFhwS21PZDJMNlZ3LU8yWkVGaXdWakppQzJEMFNzbERFeWNoSWFVbWxxYUpxTDNvY1JXT1UzOW5ObWR4UVo4OWxDTl83bFdTZkxQSko0UVdKUzdkNmhzRHJVSkV3eUJNMS1CVmNhSV9nekdVTHpiZFR3SmJCYlU2bTdWUVlTMGJDMG9MdFc5ekxSNGhZMDhvd1VmYVlkVkJsRll3TmFwN213SnpBS0VXMVVmV3VkOVFn?oc=5,Event,"Wed, 11 Feb 2026 03:00:59 GMT",,,,,,
TITAN,Q3 Results Highlights: Titan Company profit up 61%; Apollo Hospitals board declares dividend - Upstox,"Tue, 10 Feb 2026 12:55:25 GMT",GoogleNews,https://news.google.com/rss/articles/CBMinwJBVV95cUxPOVdzYnJBX2UtVEJmdVIyZWstUkdxd0hxWW5ncUVxdUhPNG5pQVZ0Q3RaUEY1eU5VX1A0dHl2Z3owakVkOW5UbldJY01hR2JmN0ptMUg3R1VlNUlYRHR2dWFUZ0Rva3pKWURnNmZzLTZTM2Fid1N2eWhLVVY3UXJsWW9FS1h6U3VkNm5MQzRKT3NGQzhiWXN2amZub3BtLTNRQmNxa2V0ZFoyWGd3a0RIS0ppWXJPWGdqejZqdVdsSmRVakNma0RDMnU0ZkItUHVXYkgtWU1JQ3lHM2NsLVRoS0hIcUZvZnFFc3JWclZ5ZWVFb2JQenFVZnNlWWNKaGMtNjZmbE9CWnlORGR3WEVvT1RldU5UX2dvbEJrRkI5NA?oc=5,"Q3 Results Highlights: Titan Company profit up 61%; Apollo Hospitals board declares dividend - Upstox | Titan Q3 results: Net profit jumps 61% YoY to ₹1,684 crore, revenue rises 42% — Details here - Mint | Q3 results 2026: Titan, Grasim, Eicher Motors, Britannia among companies to declare earnings today; full list here - Mint | Q3 results 2026: BSE, Titan, M&M, HUL, ONGC among 1600 companies to declare earnings next week; check full list here - Mint | Share Market News: Titan gains 3 percent on strong Q3 results; market cap nears massive Rs 4 trillion, check - India.Com",GoogleNews | GoogleNews | GoogleNews | GoogleNews | GoogleNews,https://news.google.com/rss/articles/CBMinwJBVV95cUxPOVdzYnJBX2UtVEJmdVIyZWstUkdxd0hxWW5ncUVxdUhPNG5pQVZ0Q3RaUEY1eU5VX1A0dHl2Z3owakVkOW5UbldJY01hR2JmN0ptMUg3R1VlNUlYRHR2dWFUZ0Rva3pKWURnNmZzLTZTM2Fid1N2eWhLVVY3UXJsWW9FS1h6U3VkNm5MQzRKT3NGQzhiWXN2amZub3BtLTNRQmNxa2V0ZFoyWGd3a0RIS0ppWXJPWGdqejZqdVdsSmRVakNma0RDMnU0ZkItUHVXYkgtWU1JQ3lHM2NsLVRoS0hIcUZvZnFFc3JWclZ5ZWVFb2JQenFVZnNlWWNKaGMtNjZmbE9CWnlORGR3WEVvT1RldU5UX2dvbEJrRkI5NA?oc=5 | https://news.google.com/rss/articles/CBMi7wFBVV95cUxQWVJ4bGQyTWJaWXhOdWZ6TlJhRlBKeHd6RWdUb0dfdE1raG9EMExaZVhJc25PTDIxd1FLcjg1cEVHUEZpc05lcTl4MTJHYjR3ejd4d2lxbG1obngtWkZLOThDUWZTeHRKUW51SFZaSDNjQ1BJRWxBSTlJWHYyc2J3X0ZqUTVMNzA0SVJ2bjk1QUk0dTBYeEppVlZ4T0w2R2gyRTdlU2RwZzczVDlIOW9JMDJDM1JCTHp1TXR0X2U1VFBteEZXbWtZQjIyZXp1bV9McW8yT3hsYTFocF9tbjJpanVUSzFrYUg3aFpvenp5QdIB9AFBVV95cUxQVV93a0RmeGM2SDV0ZWFxVmhsVGJUc2tZT0VDLVZ0eW12Y3J4Nk5qbHpnaWpSQmstUE1ua0cyVzdDMTMtMkloVEFCb2pBTmdMbE9MeTBub1lTWnBIUGh2LWIxaFRaMS1ITFVreW5QR3J0eDZmZHZIREVqVHlLbHFMZ0dLSmxNWGJ5cTMyOHBPSzd0bzNsem8tVnZJa3ZZbGU1VElyT0g5RUhfZ2lzVy03Wk5FWkM1S2JsODcyT2ptV1JoX0RRMDVzbENHVHRPVUdaLTk0VXVXZERHTzFsSXI1aGZ3dTAxaW5xQmRHc0czb08yaTVU?oc=5 | https://news.google.com/rss/articles/CBMiiwJBVV95cUxQZlBVWUtGRjY4Rk9fUXZGcGhqUnNhQ2lzSnJKdXJfU3d0RVpaY2YyWmloaWpkcVNMRWtLTXhaVjhzQkxXSUphUVdRVjZaNThmNDhZbW5hb3FVa0hTVnZvNE5CMWt3Ri1LYUVIZy01WWxKYnpxdGFYRGpKOUQtcWtSd280bTQyd0VtT2tZRnYxNFFIWW8zaENKbXJtRmRpUUlDQ1kwdnhmcTNBNHhtY3hQSmpDWWR4SDVhZjM5Wjk0Vy12Vk1hQ0pJXzJWeThiUEVhbnlwd21WRTNoOE0zYUJtVkJSalc1eHhDeUpvdHBnRzdKc2g3X2owWXNDY2JpNXVIU1BTQlpQTTRUSUnSAZACQVVfeXFMTVNVXzFQb19jMFNqNmR5SjQxWmZQTFVNWnlNYnd1eVlLWlN4Z3VxYWE5WjhpOUxnUy1jQUNSQmF6NUVBQUJSbUdlV2hYVXQ3SHV5YnFMZ0htZ29LZnM1cWhwTjhndzk1d3MwN1RPSnVGUmQzbjNVcVFYZTJZS1FyMXItWXk1U1FpTnRWN2RLejFZbHEwQzR4WkJZc1RyX1Zqd0VBSnk3Uy1paGc3bEw0bE0yVURIS0FQYjJlLVJ3UEZ1aElJWnZEdnViNTNvNFNjaXBPSS1sam9JZk04c3dXTHpJdVNabUR1YlRfWi1iN0VYS04yMUFwM0xzSVpVWkRRdHViX203Ni1SU1MyeXFiN18?oc=5 | https://news.google.com/rss/articles/CBMijAJBVV95cUxQVzY1YXJlazNsSVBDMnJ3dG5DX3U5S0ZEZGNBN3NwMVpTaXVYWTB3TjRrNnNKRDV0V2Z5VXJ3TDdpcUZ6Sk1sRjhSckphRkE4NHpSOWxTNGJWSXZaWFBpRUZMVUtLNWJ6WTZNU09mNkZxLUdKVVZyS1BqZTZQOVc3c0ozMkxkNlB6dUIzcUE0c2ZtMGRaTHNyY2RtQk9NQUJ6eVpuOGU1LWFyUnU0Q2FVcTczekU5Ym1VVHVud1Z3YnQwMDZhajBvVW5Qazl3b3U2SDR2UTA2REFOY1E2a3FBOGRFX0lMTGdIbjRYNVNSQVNDbmwyQlIxZ251TEw1SExMdnIzU1ozenJIX0Fa0gGSAkFVX3lxTFB3amdhYkl3QjB5NjZWMjJkUElQTlA5N0ZDQWZuWmE2Q0QzeGtza1dqOG9CNktFcUFtWndVV3BRQmpYNG9WeWlUb3I3elJTcVByTW4xSi1vUG01TGw1aXcybTd6TXk2Uk9FOXBGV3hnaXQyM0gwYWNQR0k0UGlhTFhPcEoxR09wSjRYVkpZUUIyemp6X0Y5NlhaZkdpLUo3WGJwRlpyZFFrOHFLbXhJV0RLdXlmZ0tpY3hzTmRPbHVCdS1KaWQ4UnlmdTFQOE5MaFVWYm1ON2pDb0RzREs0RTl0N01jZmFKZFctWW1xUC1wQTBKZDdCbTF4RHNTZFZLLXZiRnU5bjhLTFdEOHF6UUxvd0E?oc=5 | https://news.google.com/rss/articles/CBMikAJBVV95cUxPN2pwaWQ5TUUwb2ZCTUhjUnJQajJ6R3VLMGNMY2RJVjhadnlBc2xpaXBKU1ltSVhaQUVrR3NkMXQ1TmZ0XzhqSHBlWXQ2MlkyUkpQSVpudGZHME5aUE1VRUNaYnhJSHdFc2hwRWNhdmZyWmM3eVJYTzBMOFRDZ21SWkdRR2pscU9wZVVxaUJ2cE1IRl9JV2pRcTdNWDFHd0QwV3VTNWR4N2Z1Y1V3Vm02NFgzQXJqVWJtanRFaWFGMHpncmZUQm5WcUlIY3JqcTZjU184QUJMODRuZmpGWkFoMVpHWHZMSFhieVNYRHJtUXZTaE5ZWDg5LXd6cGFRdDBJaTJxVWNFNTQ1TFBpVmozRdIBlgJBVV95cUxPMWNxMmluN1pYTkUzUnFQNEJraDh4cmxSUFU0Y0RNaFdHUWl5bC1tWm9Ob0RORUMtTW90UGJzRVhvd21tcmRRc2RnLTd2aGhXU3FTbWZfV25nVGJGWEh0cmRnbmdmcGJvU3NQX2JSdHpDVXk1WU5lUTRyZGszTzhNTTJXMENycTdKWms0TFo2MldnLThPLWpTQ0N3YWlDUTAxeUxZWmVCOEt3SFdobkpvNjFyeXdGR0ZvM0RuOVhyVUp0VW9FS1F0R2UtUURlU1VLZk5qTDAzZ1h4dkVPN0pTY3hIa1djU0xSckh5WFhqNGFMbzZuVUpMVnNIblpLcVdtX1pnM0ljV1JfMmN0d3doUjgxRTltUQ?oc=5,Event,"Tue, 10 Feb 2026 12:55:25 GMT",Corporate Action,"Tue, 10 Feb 2026 12:55:25 GMT",,,,
EICHERMOT,"Q3 Results Highlights: United Breweries Net Profit Doubled; Eicher Motors Profit Rose, Margin Expanded; Oil India Declares Dividend - NDTV Profit","Tue, 10 Feb 2026 16:42:14 GMT",GoogleNews,https://news.google.com/rss/articles/CBMi5AFBVV95cUxQNmt0TFhadENSa2duMXpHaF9sbHRlbzkxOEItdFlCdnJEM2JSOUV5R1ZfRWNTNnBaQWJJX2hZaEpkb1FKVU13azM0THpFWEVscFZ2ZmpiQVY3eF9veHlfd1dDYVB4X055NUpQTzZtVTlIMGx6ajdJOXJ0MzhLbE1CRXlOR2I2emd5dVBSeHlTSlZCOFYxRGFYREJXVXNkMFpSSkFNV214bm5IRk5vMGxJM0F6djFaZjZ2RzhCZjVBQWlObGZ6bloyYkZnelpNYXVQUWZ2S3RJRUUzdWZTYlR3d2NHckTSAewBQVVfeXFMT1lEeUgtM3JmTzIzbWZ3VFdNaU41Um9ISUE3bGJMamRMdG14MHJwczRyazdTdnp3ZXVDN1FBNnlma3VJWkxiSEQxYmxUS3ZrWXFNcDl5Q0tEOXQ0U3U3Zi1tMGZoeWptdVoyOE43TW1oek1ZRlgxUmtDdmF2NnJCdnVnNFRBVjlQOHZKVldtVVU0M0N1ekh6TlZOeEp3Z3BiZWlqcXBMdlVYTlJrWjdCY0p1c2pSQlU5aTVWSHVYbHRhRVpJWlh1WWJTc0p0b2FqbU5iZ0ZCV0dGQXlZRDZ4SDZFZXZiRmdkN2JKbGQ?oc=5,"Q3 Results Highlights: United Breweries Net Profit Doubled; Eicher Motors Profit Rose, Margin Expanded; Oil India Declares Dividend - NDTV Profit | Q3 results 2026: Titan, Grasim, Eicher Motors, Britannia among companies to declare earnings today; full list here - Mint | Gainers &amp; Losers: Eicher Motors and BHEL among 6 stocks that moved most on Wednesday | Eicher Motors' target price raised up to Rs 8,800. What Jefferies, CLSA, other brokerages say | Eicher Motors shares hit record high post Q3 earnings; brokerages mixed - Business Today",GoogleNews | GoogleNews | EconomicTimes | EconomicTimes | GoogleNews,https://news.google.com/rss/articles/CBMi5AFBVV95cUxQNmt0TFhadENSa2duMXpHaF9sbHRlbzkxOEItdFlCdnJEM2JSOUV5R1ZfRWNTNnBaQWJJX2hZaEpkb1FKVU13azM0THpFWEVscFZ2ZmpiQVY3eF9veHlfd1dDYVB4X055NUpQTzZtVTlIMGx6ajdJOXJ0MzhLbE1CRXlOR2I2emd5dVBSeHlTSlZCOFYxRGFYREJXVXNkMFpSSkFNV214bm5IRk5vMGxJM0F6djFaZjZ2RzhCZjVBQWlObGZ6bloyYkZnelpNYXVQUWZ2S3RJRUUzdWZTYlR3d2NHckTSAewBQVVfeXFMT1lEeUgtM3JmTzIzbWZ3VFdNaU41Um9ISUE3bGJMamRMdG14MHJwczRyazdTdnp3ZXVDN1FBNnlma3VJWkxiSEQxYmxUS3ZrWXFNcDl5Q0tEOXQ0U3U3Zi1tMGZoeWptdVoyOE43TW1oek1ZRlgxUmtDdmF2NnJCdnVnNFRBVjlQOHZKVldtVVU0M0N1ekh6TlZOeEp3Z3BiZWlqcXBMdlVYTlJrWjdCY0p1c2pSQlU5aTVWSHVYbHRhRVpJWlh1WWJTc0p0b2FqbU5iZ0ZCV0dGQXlZRDZ4SDZFZXZiRmdkN2JKbGQ?oc=5 | https://news.google.com/rss/articles/CBMiiwJBVV95cUxQZlBVWUtGRjY4Rk9fUXZGcGhqUnNhQ2lzSnJKdXJfU3d0RVpaY2YyWmloaWpkcVNMRWtLTXhaVjhzQkxXSUphUVdRVjZaNThmNDhZbW5hb3FVa0hTVnZvNE5CMWt3Ri1LYUVIZy01WWxKYnpxdGFYRGpKOUQtcWtSd280bTQyd0VtT2tZRnYxNFFIWW8zaENKbXJtRmRpUUlDQ1kwdnhmcTNBNHhtY3hQSmpDWWR4SDVhZjM5Wjk0Vy12Vk1hQ0pJXzJWeThiUEVhbnlwd21WRTNoOE0zYUJtVkJSalc1eHhDeUpvdHBnRzdKc2g3X2owWXNDY2JpNXVIU1BTQlpQTTRUSUnSAZACQVVfeXFMTVNVXzFQb19jMFNqNmR5SjQxWmZQTFVNWnlNYnd1eVlLWlN4Z3VxYWE5WjhpOUxnUy1jQUNSQmF6NUVBQUJSbUdlV2hYVXQ3SHV5YnFMZ0htZ29LZnM1cWhwTjhndzk1d3MwN1RPSnVGUmQzbjNVcVFYZTJZS1FyMXItWXk1U1FpTnRWN2RLejFZbHEwQzR4WkJZc1RyX1Zqd0VBSnk3Uy1paGc3bEw0bE0yVURIS0FQYjJlLVJ3UEZ1aElJWnZEdnViNTNvNFNjaXBPSS1sam9JZk04c3dXTHpJdVNabUR1YlRfWi1iN0VYS04yMUFwM0xzSVpVWkRRdHViX203Ni1SU1MyeXFiN18?oc=5 | https://economictimes.indiatimes.com/markets/stocks/news/gainers-amp-losers-eicher-motors-and-bhel-among-6-stocks-that-moved-most-on-wednesday/slideshow/128209346.cms | https://economictimes.indiatimes.com/markets/stocks/news/eicher-motor-target-price-raised-up-to-rs-8800-what-jefferies-clsa-other-brokerages-say/articleshow/128192305.cms | https://news.google.com/rss/articles/CBMi1AFBVV95cUxNeFBDWHZuZlc0M2thWUpnX0RKeDViUklRRnB6MW5BS2psVHJDclNBTUwyZHlpRkNyN2dTd0RJaHREQldjeTRCYkFleVQwOTY1N1daVWYxcTJTODlXVzUxMUlFR1gzRWZOYkRZV1h2ZEhWWmxGZ1Z6ckNBakhNTmNfSUhHTDBaNUZRSnZhRnVObnVxSGlZVnh1OEdWRzBLMmlLQ1h0S3Qxek05NV9JbTYzNFM1QjUxY1psZ3FzU3RreW9lNEdpV09aV1dVZ2RjQmdod0c4MdIB2gFBVV95cUxPVUQwNTZtcnFIclFpR3dwTVE5aGdnYUlkYl9HQVBWM0ZycDZ5MGN4V2hQTlRudUlkNkEycFhHeldDbWVQMWRuR2FRTnJzN0c5ZEJUWGdiODZQM1NCbFI4MEJfZEc0UnRyZGdnb2swV1U1cnoyblU2S3V1Rk1mRXZ6WGl1S2lITk4wSzFmeWJ5bGZxQmgtT1h3OGx2dTBRRnNsX0NuQmQ3RGZJMHJUNGk4TklueHR2UU9xbld4dm1ENXRfbTI1TVFITFlDOFhkblVXV3MtWDJiNTRTUQ?oc=5,Event,"Tue, 10 Feb 2026 16:42:14 GMT",Corporate Action,"Tue, 10 Feb 2026 16:42:14 GMT",,,,
HDFCBANK,"Stock Market News Today: Nifty, Sensex Halt Three-Day Gaining Streak As Losses In HDFC Bank, Infosys Offset Gains In SBI, RIL - NDTV Profit","Wed, 11 Feb 2026 10:12:20 GMT",GoogleNews,https://news.google.com/rss/articles/CBMinwJBVV95cUxPeWkzWGRLR0w4bGhfeVpMYXRWZzd6Rk1nRFBGdWdaTXM4ZDVTTDA0QzFMbXdza0tWRW9rM1dCU2d0cFZfS1gxdDdhWmJMb20zeWc3UmNBbEE3MkNDS0FPZHVkMGRtN3dRYnJVMU9GNmpJZzBldFplTWpXdy1Jc3M5UjNCX0dBWXVrbG9TQmFyNDc5amlHejZ3eDJ3MjF0NlIzdHJ4SGRjaUZmMUt2THhHOVI4LTRMU204OWRaVG5PTzVpYzdLWk5UVGdSdUhhQ0otWUZkNlVEWHFMbU9aVnc5Ni14UWtLQmVHdjRBN3R0dmc2anREaV9qZHBHRkc0Ykcwd3gwRnA1WmM1aHI5dEUteHozQXlfUmdyeVRtTlBWMNIBpwJBVV95cUxQek9GOU04dkFaM2pmZjNHTVRQU3dRRzk4bGdfeE40dG9aMm92b3JLVUE2ZzYzd25IRklETmZRdy1CMnVqVmVFcUtMZHEzZUZ1b0xsM0lyT3BqaXFaYVBNdFlybmQ0M01hZmxHX2tQR1N5eEMtOGJ0cTl4UlBkT2VKV093aTlCbU9MWHlBZDYwZ2VMTVVnX1pDWFdPZW5LX25ueEM0ZkRHUEN1eTc2YlphVjJwTlQxRTlLcWdOSkxaRXFKemVxOUlKX015WE80b0NMck1vdHZLTlZpYV9LZDJudmhQUHR0NGI5NEgwdUJWLW9XWmIwUGpLWkpzZU1nMWo4T2k1UWV3RXBLSGt1MlNTODFXMkxST2RRd2k5ak05azJMZnJrbmdV?oc=5,"Stock Market News Today: Nifty, Sensex Halt Three-Day Gaining Streak As Losses In HDFC Bank, Infosys Offset Gains In SBI, RIL - NDTV Profit | Stock Market News Today: Nifty, Sensex Halt Three-Day Gaining Streak As Losses In HDFC Bank, Infosys Offset Gains In SBI, RIL - NDTV Profit | Stock Market News Today: Nifty, Sensex Halt Three-Day Gaining Streak As Losses In HDFC Bank, Infosys Offset Gains In SBI, RIL - NDTV Profit | SBI vs HDFC Bank Q3 comparison: How both banks stack up on key metrics - Upstox | Is SBI Next HDFC Bank? PSU Bank Stock Overtakes ICICI Bank To Become 2nd Largest Bank Of India; Here's How - Goodreturns",GoogleNews | GoogleNews | GoogleNews | GoogleNews | GoogleNews,https://news.google.com/rss/articles/CBMinwJBVV95cUxPeWkzWGRLR0w4bGhfeVpMYXRWZzd6Rk1nRFBGdWdaTXM4ZDVTTDA0QzFMbXdza0tWRW9rM1dCU2d0cFZfS1gxdDdhWmJMb20zeWc3UmNBbEE3MkNDS0FPZHVkMGRtN3dRYnJVMU9GNmpJZzBldFplTWpXdy1Jc3M5UjNCX0dBWXVrbG9TQmFyNDc5amlHejZ3eDJ3MjF0NlIzdHJ4SGRjaUZmMUt2THhHOVI4LTRMU204OWRaVG5PTzVpYzdLWk5UVGdSdUhhQ0otWUZkNlVEWHFMbU9aVnc5Ni14UWtLQmVHdjRBN3R0dmc2anREaV9qZHBHRkc0Ykcwd3gwRnA1WmM1aHI5dEUteHozQXlfUmdyeVRtTlBWMNIBpwJBVV95cUxQek9GOU04dkFaM2pmZjNHTVRQU3dRRzk4bGdfeE40dG9aMm92b3JLVUE2ZzYzd25IRklETmZRdy1CMnVqVmVFcUtMZHEzZUZ1b0xsM0lyT3BqaXFaYVBNdFlybmQ0M01hZmxHX2tQR1N5eEMtOGJ0cTl4UlBkT2VKV093aTlCbU9MWHlBZDYwZ2VMTVVnX1pDWFdPZW5LX25ueEM0ZkRHUEN1eTc2YlphVjJwTlQxRTlLcWdOSkxaRXFKemVxOUlKX015WE80b0NMck1vdHZLTlZpYV9LZDJudmhQUHR0NGI5NEgwdUJWLW9XWmIwUGpLWkpzZU1nMWo4T2k1UWV3RXBLSGt1MlNTODFXMkxST2RRd2k5ak05azJMZnJrbmdV?oc=5 | https://news.google.com/rss/articles/CBMinwJBVV95cUxPeWkzWGRLR0w4bGhfeVpMYXRWZzd6Rk1nRFBGdWdaTXM4ZDVTTDA0QzFMbXdza0tWRW9rM1dCU2d0cFZfS1gxdDdhWmJMb20zeWc3UmNBbEE3MkNDS0FPZHVkMGRtN3dRYnJVMU9GNmpJZzBldFplTWpXdy1Jc3M5UjNCX0dBWXVrbG9TQmFyNDc5amlHejZ3eDJ3MjF0NlIzdHJ4SGRjaUZmMUt2THhHOVI4LTRMU204OWRaVG5PTzVpYzdLWk5UVGdSdUhhQ0otWUZkNlVEWHFMbU9aVnc5Ni14UWtLQmVHdjRBN3R0dmc2anREaV9qZHBHRkc0Ykcwd3gwRnA1WmM1aHI5dEUteHozQXlfUmdyeVRtTlBWMNIBpwJBVV95cUxQek9GOU04dkFaM2pmZjNHTVRQU3dRRzk4bGdfeE40dG9aMm92b3JLVUE2ZzYzd25IRklETmZRdy1CMnVqVmVFcUtMZHEzZUZ1b0xsM0lyT3BqaXFaYVBNdFlybmQ0M01hZmxHX2tQR1N5eEMtOGJ0cTl4UlBkT2VKV093aTlCbU9MWHlBZDYwZ2VMTVVnX1pDWFdPZW5LX25ueEM0ZkRHUEN1eTc2YlphVjJwTlQxRTlLcWdOSkxaRXFKemVxOUlKX015WE80b0NMck1vdHZLTlZpYV9LZDJudmhQUHR0NGI5NEgwdUJWLW9XWmIwUGpLWkpzZU1nMWo4T2k1UWV3RXBLSGt1MlNTODFXMkxST2RRd2k5ak05azJMZnJrbmdV?oc=5 | https://news.google.com/rss/articles/CBMinwJBVV95cUxPeWkzWGRLR0w4bGhfeVpMYXRWZzd6Rk1nRFBGdWdaTXM4ZDVTTDA0QzFMbXdza0tWRW9rM1dCU2d0cFZfS1gxdDdhWmJMb20zeWc3UmNBbEE3MkNDS0FPZHVkMGRtN3dRYnJVMU9GNmpJZzBldFplTWpXdy1Jc3M5UjNCX0dBWXVrbG9TQmFyNDc5amlHejZ3eDJ3MjF0NlIzdHJ4SGRjaUZmMUt2THhHOVI4LTRMU204OWRaVG5PTzVpYzdLWk5UVGdSdUhhQ0otWUZkNlVEWHFMbU9aVnc5Ni14UWtLQmVHdjRBN3R0dmc2anREaV9qZHBHRkc0Ykcwd3gwRnA1WmM1aHI5dEUteHozQXlfUmdyeVRtTlBWMNIBpwJBVV95cUxQek9GOU04dkFaM2pmZjNHTVRQU3dRRzk4bGdfeE40dG9aMm92b3JLVUE2ZzYzd25IRklETmZRdy1CMnVqVmVFcUtMZHEzZUZ1b0xsM0lyT3BqaXFaYVBNdFlybmQ0M01hZmxHX2tQR1N5eEMtOGJ0cTl4UlBkT2VKV093aTlCbU9MWHlBZDYwZ2VMTVVnX1pDWFdPZW5LX25ueEM0ZkRHUEN1eTc2YlphVjJwTlQxRTlLcWdOSkxaRXFKemVxOUlKX015WE80b0NMck1vdHZLTlZpYV9LZDJudmhQUHR0NGI5NEgwdUJWLW9XWmIwUGpLWkpzZU1nMWo4T2k1UWV3RXBLSGt1MlNTODFXMkxST2RRd2k5ak05azJMZnJrbmdV?oc=5 | https://news.google.com/rss/articles/CBMixwFBVV95cUxOa0YxWWhVaGtJN0VFeXRqY0NKaEdhMnFPc1FXT2tlUTFXQzJLZXAxQk1EMGNzWVhaLWFxMzlfNUdTb1VBZ204bERmYVplYzgtRUpaXy1ta2MyUHhCM2xHN0hjelZKVDV5d0xDQzBiaE1vNEhvVGlNTEhjZmFRd1dRU1RrbjRhMVduTTROUmEzdGJQcWNCcXRZcGFHZ2YtdjdXd2dDQ0pZT2tUdlBlNi1udFhPYmpPUW1XUkxfb1lLQkFRUnF1NVNZ?oc=5 | https://news.google.com/rss/articles/CBMi2gFBVV95cUxQU1R2Mko1RWwyNEJwZjZ3VFljREFTRFlQUTZDeWN2S1VKUWJpWWtEMnJjQU5YaHJOa2szYWRPYlVNaDBTUURDQmctUkVLLUF6M2lUNUJpclhmOFdCZnlmaC1YbFdkbXl3dHVaMFNaZkFvUlFfbVZqVGNWcmhYWlAwUGg4WUJRamlwbWdfNGFjbHhuUjNpcUVvNnJtblh0V1RWakVPaG9HM09hRkJnMzZmTlMycUQ4X0JDd0JkUGFLSnZCMWlKQjhna3FQT3BLZXdmWW05UE1kck5DQQ?oc=5,,,,,,,,
INFY,"Stock Market News Today: Nifty, Sensex Halt Three-Day Gaining Streak As Losses In HDFC Bank, Infosys Offset Gains In SBI, RIL - NDTV Profit","Wed, 11 Feb 2026 10:12:20 GMT",GoogleNews,https://news.google.com/rss/articles/CBMinwJBVV95cUxPeWkzWGRLR0w4bGhfeVpMYXRWZzd6Rk1nRFBGdWdaTXM4ZDVTTDA0QzFMbXdza0tWRW9rM1dCU2d0cFZfS1gxdDdhWmJMb20zeWc3UmNBbEE3MkNDS0FPZHVkMGRtN3dRYnJVMU9GNmpJZzBldFplTWpXdy1Jc3M5UjNCX0dBWXVrbG9TQmFyNDc5amlHejZ3eDJ3MjF0NlIzdHJ4SGRjaUZmMUt2THhHOVI4LTRMU204OWRaVG5PTzVpYzdLWk5UVGdSdUhhQ0otWUZkNlVEWHFMbU9aVnc5Ni14UWtLQmVHdjRBN3R0dmc2anREaV9qZHBHRkc0Ykcwd3gwRnA1WmM1aHI5dEUteHozQXlfUmdyeVRtTlBWMNIBpwJBVV95cUxQek9GOU04dkFaM2pmZjNHTVRQU3dRRzk4bGdfeE40dG9aMm92b3JLVUE2ZzYzd25IRklETmZRdy1CMnVqVmVFcUtMZHEzZUZ1b0xsM0lyT3BqaXFaYVBNdFlybmQ0M01hZmxHX2tQR1N5eEMtOGJ0cTl4UlBkT2VKV093aTlCbU9MWHlBZDYwZ2VMTVVnX1pDWFdPZW5LX25ueEM0ZkRHUEN1eTc2YlphVjJwTlQxRTlLcWdOSkxaRXFKemVxOUlKX015WE80b0NMck1vdHZLTlZpYV9LZDJudmhQUHR0NGI5NEgwdUJWLW9XWmIwUGpLWkpzZU1nMWo4T2k1UWV3RXBLSGt1MlNTODFXMkxST2RRd2k5ak05azJMZnJrbmdV?oc=5,"Stock Market News Today: Nifty, Sensex Halt Three-Day Gaining Streak As Losses In HDFC Bank, Infosys Offset Gains In SBI, RIL - NDTV Profit | Stock Market News Today: Nifty, Sensex Halt Three-Day Gaining Streak As Losses In HDFC Bank, Infosys Offset Gains In SBI, RIL - NDTV Profit | Stock Market News Today: Nifty, Sensex Halt Three-Day Gaining Streak As Losses In HDFC Bank, Infosys Offset Gains In SBI, RIL - NDTV Profit | Cyient, TCS, Infosys could be IT contra bets: SMIFS' Sharad Avasthi; shares views on jewellery, mid- & small-caps - Business Today",GoogleNews | GoogleNews | GoogleNews | GoogleNews,https://news.google.com/rss/articles/CBMinwJBVV95cUxPeWkzWGRLR0w4bGhfeVpMYXRWZzd6Rk1nRFBGdWdaTXM4ZDVTTDA0QzFMbXdza0tWRW9rM1dCU2d0cFZfS1gxdDdhWmJMb20zeWc3UmNBbEE3MkNDS0FPZHVkMGRtN3dRYnJVMU9GNmpJZzBldFplTWpXdy1Jc3M5UjNCX0dBWXVrbG9TQmFyNDc5amlHejZ3eDJ3MjF0NlIzdHJ4SGRjaUZmMUt2THhHOVI4LTRMU204OWRaVG5PTzVpYzdLWk5UVGdSdUhhQ0otWUZkNlVEWHFMbU9aVnc5Ni14UWtLQmVHdjRBN3R0dmc2anREaV9qZHBHRkc0Ykcwd3gwRnA1WmM1aHI5dEUteHozQXlfUmdyeVRtTlBWMNIBpwJBVV95cUxQek9GOU04dkFaM2pmZjNHTVRQU3dRRzk4bGdfeE40dG9aMm92b3JLVUE2ZzYzd25IRklETmZRdy1CMnVqVmVFcUtMZHEzZUZ1b0xsM0lyT3BqaXFaYVBNdFlybmQ0M01hZmxHX2tQR1N5eEMtOGJ0cTl4UlBkT2VKV093aTlCbU9MWHlBZDYwZ2VMTVVnX1pDWFdPZW5LX25ueEM0ZkRHUEN1eTc2YlphVjJwTlQxRTlLcWdOSkxaRXFKemVxOUlKX015WE80b0NMck1vdHZLTlZpYV9LZDJudmhQUHR0NGI5NEgwdUJWLW9XWmIwUGpLWkpzZU1nMWo4T2k1UWV3RXBLSGt1MlNTODFXMkxST2RRd2k5ak05azJMZnJrbmdV?oc=5 | https://news.google.com/rss/articles/CBMinwJBVV95cUxPeWkzWGRLR0w4bGhfeVpMYXRWZzd6Rk1nRFBGdWdaTXM4ZDVTTDA0QzFMbXdza0tWRW9rM1dCU2d0cFZfS1gxdDdhWmJMb20zeWc3UmNBbEE3MkNDS0FPZHVkMGRtN3dRYnJVMU9GNmpJZzBldFplTWpXdy1Jc3M5UjNCX0dBWXVrbG9TQmFyNDc5amlHejZ3eDJ3MjF0NlIzdHJ4SGRjaUZmMUt2THhHOVI4LTRMU204OWRaVG5PTzVpYzdLWk5UVGdSdUhhQ0otWUZkNlVEWHFMbU9aVnc5Ni14UWtLQmVHdjRBN3R0dmc2anREaV9qZHBHRkc0Ykcwd3gwRnA1WmM1aHI5dEUteHozQXlfUmdyeVRtTlBWMNIBpwJBVV95cUxQek9GOU04dkFaM2pmZjNHTVRQU3dRRzk4bGdfeE40dG9aMm92b3JLVUE2ZzYzd25IRklETmZRdy1CMnVqVmVFcUtMZHEzZUZ1b0xsM0lyT3BqaXFaYVBNdFlybmQ0M01hZmxHX2tQR1N5eEMtOGJ0cTl4UlBkT2VKV093aTlCbU9MWHlBZDYwZ2VMTVVnX1pDWFdPZW5LX25ueEM0ZkRHUEN1eTc2YlphVjJwTlQxRTlLcWdOSkxaRXFKemVxOUlKX015WE80b0NMck1vdHZLTlZpYV9LZDJudmhQUHR0NGI5NEgwdUJWLW9XWmIwUGpLWkpzZU1nMWo4T2k1UWV3RXBLSGt1MlNTODFXMkxST2RRd2k5ak05azJMZnJrbmdV?oc=5 | https://news.google.com/rss/articles/CBMinwJBVV95cUxPeWkzWGRLR0w4bGhfeVpMYXRWZzd6Rk1nRFBGdWdaTXM4ZDVTTDA0QzFMbXdza0tWRW9rM1dCU2d0cFZfS1gxdDdhWmJMb20zeWc3UmNBbEE3MkNDS0FPZHVkMGRtN3dRYnJVMU9GNmpJZzBldFplTWpXdy1Jc3M5UjNCX0dBWXVrbG9TQmFyNDc5amlHejZ3eDJ3MjF0NlIzdHJ4SGRjaUZmMUt2THhHOVI4LTRMU204OWRaVG5PTzVpYzdLWk5UVGdSdUhhQ0otWUZkNlVEWHFMbU9aVnc5Ni14UWtLQmVHdjRBN3R0dmc2anREaV9qZHBHRkc0Ykcwd3gwRnA1WmM1aHI5dEUteHozQXlfUmdyeVRtTlBWMNIBpwJBVV95cUxQek9GOU04dkFaM2pmZjNHTVRQU3dRRzk4bGdfeE40dG9aMm92b3JLVUE2ZzYzd25IRklETmZRdy1CMnVqVmVFcUtMZHEzZUZ1b0xsM0lyT3BqaXFaYVBNdFlybmQ0M01hZmxHX2tQR1N5eEMtOGJ0cTl4UlBkT2VKV093aTlCbU9MWHlBZDYwZ2VMTVVnX1pDWFdPZW5LX25ueEM0ZkRHUEN1eTc2YlphVjJwTlQxRTlLcWdOSkxaRXFKemVxOUlKX015WE80b0NMck1vdHZLTlZpYV9LZDJudmhQUHR0NGI5NEgwdUJWLW9XWmIwUGpLWkpzZU1nMWo4T2k1UWV3RXBLSGt1MlNTODFXMkxST2RRd2k5ak05azJMZnJrbmdV?oc=5 | https://news.google.com/rss/articles/CBMiggJBVV95cUxOQUtQUUYydm1rclkzUTcwa1VHMVdIUnZzNlhEVmN0cGpnYVRrNTl2bGtvZERjSDZjZHhvVzVaNDZya2xDNGh0aVp0NFY3ZU1ZRzVLNlR6aEhwSDhIU09YZnY1ZUstMXZUTmVYbkR3UjZpSkVlWFVnM2lFNkNrcjVWNHYwYWEzdUd2VkpWQjFCZGxuOWVOQThOTzVwaUstdWx2RTVjd09PRXJOR2Nab25EcWdwY0lGXy1SM0ktcUhkeXQ3VkxIRlhBdW96QTE1QzIyZ25TdjFYOTN1MjVSRG9aSVgxWFM2a2hiSG9RQm1vQkFzazkycU03cUt1SEdzUlotUGfSAYcCQVVfeXFMUFVYMUppb2hvQmVRdGVLU0pUVHplVnEwQVVPRkVDbkNTYnY3RTc0V3pTb1Y5Z0RILXNKejBBQVFNRU1YZ2ZmWXhHQWtCaXBJSUZ3b1ItTm9LTjhpYWllZWxQMTNPY3RyUXQ5dkVtcDA1OEw0N1RfaTF5UmxzQmF4MnBZb01fM2dwUWRkMkpETkUzOEcxWndIdEg2Nzk5NTVWS1M3VjRJVGhIWjRURnc5bkJuZDRJclRaUU9oTVdPelNNQmM1eUtDTDRVTTF3LWdOOGJMLVM2cUhzN1BfbUVHcFJlaS1adGlWc2lmRlp4Vm5NeDNhVWJMZHFYa3d5Vl9Da2c2NWxIcVk?oc=5,,,,,0.259,2025-10-27,2.0,2018-09-12
APOLLOHOSP,"APOLLOHOSP.NS Stock Today: February 11 – Q3 Beat, Dividend Sparks 6% Rally - Meyka","Wed, 11 Feb 2026 16:04:39 GMT",GoogleNews,https://news.google.com/rss/articles/CBMingFBVV95cUxQQkUtaWZxOFBQejRfMWhUZUw0clRTRGVUVEtZNk9PNmJ0VndMWUduTTU1XzlwT1BCb3J6QjJUYnBmNHF6RzFkc1ZEVFdock1hclJRRlhhVVQxNVRGWjYxUkUtb3VTRWpxb1E5dlhaOThvOVdTeTc0bnZZYW9MNkhBSE5mWUJrV3Y1S0hWSHhPa2Q1NUlpOG1CVXdCN3NHdw?oc=5,"APOLLOHOSP.NS Stock Today: February 11 – Q3 Beat, Dividend Sparks 6% Rally - Meyka | India's Apollo Hospitals Enterprise jumps after quarterly profit beat - TradingView",GoogleNews | GoogleNews,https://news.google.com/rss/articles/CBMingFBVV95cUxQQkUtaWZxOFBQejRfMWhUZUw0clRTRGVUVEtZNk9PNmJ0VndMWUduTTU1XzlwT1BCb3J6QjJUYnBmNHF6RzFkc1ZEVFdock1hclJRRlhhVVQxNVRGWjYxUkUtb3VTRWpxb1E5dlhaOThvOVdTeTc0bnZZYW9MNkhBSE5mWUJrV3Y1S0hWSHhPa2Q1NUlpOG1CVXdCN3NHdw?oc=5 | https://news.google.com/rss/articles/CBMi1gFBVV95cUxOQkplekdhMV9SRllTdlZvU1dDdjZwYnRESUtkR3RHUldqYmFnalk0Rjh0U2p6QnotSE1aLVJQc3NZVTV1SFZwTkNWcmY1cHVuQnJrX0pIdFQ1Slpad3U4SmxOUUNqcUVYQnI2MkJjQWFCTl8xQVhJWlBqQnQxei1SUWZTVjVRWVZwV1NuamwyYkhaU1ZSdmFEZVdPYnQ2OEpvTlYtSVhtUWZSbDhxcFFDOUpQVUNaWGlEcFF4eUNhMDhQTmFJdkxrRmFwR0hkZkN5YzF1emtn?oc=5,,,Corporate Action,"Wed, 11 Feb 2026 16:04:39 GMT",,,,
ICICIBANK,Is SBI Next HDFC Bank? PSU Bank Stock Overtakes ICICI Bank To Become 2nd Largest Bank Of India; Here's How - Goodreturns,"Mon, 09 Feb 2026 05:21:22 GMT",GoogleNews,https://news.google.com/rss/articles/CBMi2gFBVV95cUxQU1R2Mko1RWwyNEJwZjZ3VFljREFTRFlQUTZDeWN2S1VKUWJpWWtEMnJjQU5YaHJOa2szYWRPYlVNaDBTUURDQmctUkVLLUF6M2lUNUJpclhmOFdCZnlmaC1YbFdkbXl3dHVaMFNaZkFvUlFfbVZqVGNWcmhYWlAwUGg4WUJRamlwbWdfNGFjbHhuUjNpcUVvNnJtblh0V1RWakVPaG9HM09hRkJnMzZmTlMycUQ4X0JDd0JkUGFLSnZCMWlKQjhna3FQT3BLZXdmWW05UE1kck5DQQ?oc=5,Is SBI Next HDFC Bank? PSU Bank Stock Overtakes ICICI Bank To Become 2nd Largest Bank Of India; Here's How - Goodreturns | Is SBI Next HDFC Bank? PSU Bank Stock Overtakes ICICI Bank To Become 2nd Largest Bank Of India; Here's How - Goodreturns | SBI shares jump over 6% on robust Q3; overtakes ICICI Bank as India’s 2nd most valued bank - Fortune India,GoogleNews | GoogleNews | GoogleNews,https://news.google.com/rss/articles/CBMi2gFBVV95cUxQU1R2Mko1RWwyNEJwZjZ3VFljREFTRFlQUTZDeWN2S1VKUWJpWWtEMnJjQU5YaHJOa2szYWRPYlVNaDBTUURDQmctUkVLLUF6M2lUNUJpclhmOFdCZnlmaC1YbFdkbXl3dHVaMFNaZkFvUlFfbVZqVGNWcmhYWlAwUGg4WUJRamlwbWdfNGFjbHhuUjNpcUVvNnJtblh0V1RWakVPaG9HM09hRkJnMzZmTlMycUQ4X0JDd0JkUGFLSnZCMWlKQjhna3FQT3BLZXdmWW05UE1kck5DQQ?oc=5 | https://news.google.com/rss/articles/CBMi2gFBVV95cUxQU1R2Mko1RWwyNEJwZjZ3VFljREFTRFlQUTZDeWN2S1VKUWJpWWtEMnJjQU5YaHJOa2szYWRPYlVNaDBTUURDQmctUkVLLUF6M2lUNUJpclhmOFdCZnlmaC1YbFdkbXl3dHVaMFNaZkFvUlFfbVZqVGNWcmhYWlAwUGg4WUJRamlwbWdfNGFjbHhuUjNpcUVvNnJtblh0V1RWakVPaG9HM09hRkJnMzZmTlMycUQ4X0JDd0JkUGFLSnZCMWlKQjhna3FQT3BLZXdmWW05UE1kck5DQQ?oc=5 | https://news.google.com/rss/articles/CBMiywFBVV95cUxPN2p1b254bUQ4WmVJTjZGQmIxYWpMRHhLT2RJV3V4QmlSLWRvVG9wSExaOHdSaDVIOUFrRldQeV92RTNZZGQtbzVha0pXWjlpNWZvMGJoQXdzSVNkYWxUUUl6aVRPZWpIRXdsQWRYRTFMWVg2YkhqczE1WUk5eU1pX05td0ZZMk9ydGxMTnpTQV9aUlQtaWZ2NmNpYlBoSERJSlBpUHRCRTJTRElXaF9yMi03UkRUakFxWnE5dHktNmNGOUZvb2hsWXQySdIB2AFBVV95cUxPSkI4YnJ0XzJBMDJMM3hGTFVaZlhhbk9pTk81RDVFT01NcFBldkpvajNNaHhldDVCQ3VqUTRMUWZfOVJXZ3UySTBEQ3VsU1UtbldodGVFbFVXZnhpLXd0R0JSWEZKYnBUZTMzdlMtZFhfRUsyYmNIOG4xZ2V6ZHpTdGtKbWZweko0ZnN5VlJWS0lvODhyNjdvSTNwX01kSzJPZ2Z1T3ZMeXBiTnlkYTBhY0tLVDl5XzVjdlp3NHp5VC02ejVHa1loRk85T3BkRVpJUUF3TktDYWU?oc=5,,,,,,,,
